,region,url,lat_lon
Alabama,auburn,//auburn.craigslist.org/,"('32.6098566', '-85.48078249999999')"
Alabama,birmingham,//bham.craigslist.org/,"('33.5206608', '-86.80248999999999')"
Alabama,dothan,//dothan.craigslist.org/,"('31.2232313', '-85.3904888')"
Alabama,florence / muscle shoals,//shoals.craigslist.org/,"('34.79981', '-87.677251')"
Alabama,gadsden-anniston,//gadsden.craigslist.org/,"('33.7063009', '-85.8586346')"
Alabama,huntsville / decatur,//huntsville.craigslist.org/,"('34.7303688', '-86.5861037')"
Alabama,mobile,//mobile.craigslist.org/,"('30.6953657', '-88.0398912')"
Alabama,montgomery,//montgomery.craigslist.org/,"('32.3668052', '-86.2999689')"
Alabama,tuscaloosa,//tuscaloosa.craigslist.org/,"('33.2098407', '-87.56917349999999')"
Alaska,anchorage / mat-su,//anchorage.craigslist.org/,"('61.2180556', '-149.9002778')"
Alaska,fairbanks,//fairbanks.craigslist.org/,"('64.8377778', '-147.7163889')"
Alaska,kenai peninsula,//kenai.craigslist.org/,"('60.55444439999999', '-151.2583333')"
Alaska,southeast alaska,//juneau.craigslist.org/,"('64.20084129999999', '-149.4936733')"
Arizona,flagstaff / sedona,//flagstaff.craigslist.org/,"('35.1982836', '-111.651302')"
Arizona,mohave county,//mohave.craigslist.org/,"('35.2143346', '-113.7632828')"
Arizona,phoenix,//phoenix.craigslist.org/,"('33.4483771', '-112.0740373')"
Arizona,prescott,//prescott.craigslist.org/,"('34.5400242', '-112.4685025')"
Arizona,show low,//showlow.craigslist.org/,"('34.2542084', '-110.0298327')"
Arizona,sierra vista,//sierravista.craigslist.org/,"('31.5455001', '-110.2772856')"
Arizona,tucson,//tucson.craigslist.org/,"('32.2217429', '-110.926479')"
Arizona,yuma,//yuma.craigslist.org/,"('32.6926512', '-114.6276916')"
Arkansas,fayetteville ,//fayar.craigslist.org/,"('36.0625795', '-94.1574263')"
Arkansas,fort smith,//fortsmith.craigslist.org/,"('35.3859242', '-94.39854749999999')"
Arkansas,jonesboro,//jonesboro.craigslist.org/,"('35.84229670000001', '-90.704279')"
Arkansas,little rock,//littlerock.craigslist.org/,"('34.7464809', '-92.28959479999999')"
Arkansas,texarkana,//texarkana.craigslist.org/,"('33.4417915', '-94.0376881')"
California,bakersfield,//bakersfield.craigslist.org/,"('35.3732921', '-119.0187125')"
California,chico,//chico.craigslist.org/,"('39.7284944', '-121.8374777')"
California,fresno / madera,//fresno.craigslist.org/,"('36.7468422', '-119.7725868')"
California,gold country,//goldcountry.craigslist.org/,"('33.3546786', '-111.4698439')"
California,hanford-corcoran,//hanford.craigslist.org/,"('36.778261', '-119.4179324')"
California,humboldt county,//humboldt.craigslist.org/,"('40.7450055', '-123.8695086')"
California,imperial county,//imperial.craigslist.org/,"('33.0113694', '-115.4733554')"
California,inland empire,//inlandempire.craigslist.org/,"('36.778261', '-119.4179324')"
California,los angeles,//losangeles.craigslist.org/,"('34.0522342', '-118.2436849')"
California,mendocino county,//mendocino.craigslist.org/,"('39.5500194', '-123.438353')"
California,merced,//merced.craigslist.org/,"('37.3021632', '-120.4829677')"
California,modesto,//modesto.craigslist.org/,"('37.63909719999999', '-120.9968782')"
California,monterey bay,//monterey.craigslist.org/,"('36.8007413', '-121.947311')"
California,orange county,//orangecounty.craigslist.org/,"('33.7174708', '-117.8311428')"
California,palm springs,//palmsprings.craigslist.org/,"('33.8302961', '-116.5452921')"
California,redding,//redding.craigslist.org/,"('40.5865396', '-122.3916754')"
California,sacramento,//sacramento.craigslist.org/,"('38.5815719', '-121.4943996')"
California,san diego,//sandiego.craigslist.org/,"('32.715738', '-117.1610838')"
California,san francisco bay area,//sfbay.craigslist.org/,"('37.7749295', '-122.4194155')"
California,san luis obispo,//slo.craigslist.org/,"('35.2827524', '-120.6596156')"
California,santa barbara,//santabarbara.craigslist.org/,"('36.778261', '-119.4179324')"
California,santa maria,//santamaria.craigslist.org/,"('34.9530337', '-120.4357191')"
California,siskiyou county,//siskiyou.craigslist.org/,"('41.7743261', '-122.5770126')"
California,stockton,//stockton.craigslist.org/,"('37.9577016', '-121.2907796')"
California,susanville,//susanville.craigslist.org/,"('40.4162842', '-120.6530063')"
California,ventura county,//ventura.craigslist.org/,"('34.3704884', '-119.1390642')"
California,visalia-tulare,//visalia.craigslist.org/,"('36.3302284', '-119.2920585')"
California,yuba-sutter,//yubasutter.craigslist.org/,"('39.1404477', '-121.6169108')"
Colorado,boulder,//boulder.craigslist.org/,"('40.0149856', '-105.2705456')"
Colorado,colorado springs,//cosprings.craigslist.org/,"('38.8338816', '-104.8213634')"
Colorado,denver,//denver.craigslist.org/,"('39.7392358', '-104.990251')"
Colorado,eastern CO,//eastco.craigslist.org/,"('39.7278109', '-104.9133646')"
Colorado,fort collins / north CO,//fortcollins.craigslist.org/,"('40.5852602', '-105.084423')"
Colorado,high rockies,//rockies.craigslist.org/,"('38.0712415', '-103.8311575')"
Colorado,pueblo,//pueblo.craigslist.org/,"('38.2544472', '-104.6091409')"
Colorado,western slope,//westslope.craigslist.org/,"('40.25805829999999', '-105.8577108')"
Connecticut,eastern CT,//newlondon.craigslist.org/,"('41.2844696', '-72.8730015')"
Connecticut,hartford,//hartford.craigslist.org/,"('41.76371109999999', '-72.6850932')"
Connecticut,new haven,//newhaven.craigslist.org/,"('41.308274', '-72.92788349999999')"
Connecticut,northwest CT,//nwct.craigslist.org/,"('41.6032207', '-73.087749')"
Delaware,delaware,//delaware.craigslist.org/,"('40.2986724', '-83.067965')"
District of Columbia,washington,//washingtondc.craigslist.org/,"('38.9071923', '-77.03687069999999')"
Florida,broward county,//miami.craigslist.org/brw,"('26.190096', '-80.365865')"
Florida,daytona beach,//daytona.craigslist.org/,"('29.2108147', '-81.0228331')"
Florida,florida keys,//keys.craigslist.org/,"('24.5557359', '-81.7826537')"
Florida,fort lauderdale,//fortlauderdale.craigslist.org/,"('26.1224386', '-80.13731740000001')"
Florida,ft myers / SW florida,//fortmyers.craigslist.org/,"('26.640628', '-81.87230839999999')"
Florida,gainesville,//gainesville.craigslist.org/,"('29.6516344', '-82.32482619999999')"
Florida,heartland florida,//cfl.craigslist.org/,"('27.3050135', '-81.36668039999999')"
Florida,jacksonville,//jacksonville.craigslist.org/,"('30.3321838', '-81.65565099999999')"
Florida,lakeland,//lakeland.craigslist.org/,"('28.0394654', '-81.9498042')"
Florida,miami / dade,//miami.craigslist.org/mdc,"('25.7616798', '-80.1917902')"
Florida,north central FL,//lakecity.craigslist.org/,"('30.51057729999999', '-87.2518824')"
Florida,ocala,//ocala.craigslist.org/,"('29.1871986', '-82.14009229999999')"
Florida,okaloosa / walton,//okaloosa.craigslist.org/,"('30.57734009999999', '-86.6611083')"
Florida,orlando,//orlando.craigslist.org/,"('28.5383355', '-81.3792365')"
Florida,panama city,//panamacity.craigslist.org/,"('30.1588129', '-85.6602058')"
Florida,pensacola,//pensacola.craigslist.org/,"('30.42130899999999', '-87.21691490000001')"
Florida,sarasota-bradenton,//sarasota.craigslist.org/,"('27.3708599', '-82.546943')"
Florida,south florida,//miami.craigslist.org/,"('27.6648274', '-81.5157535')"
Florida,space coast,//spacecoast.craigslist.org/,"('28.0837676', '-80.74950609999999')"
Florida,st augustine,//staugustine.craigslist.org/,"('29.9012437', '-81.31243409999999')"
Florida,tallahassee,//tallahassee.craigslist.org/,"('30.4382559', '-84.28073289999999')"
Florida,tampa bay area,//tampa.craigslist.org/,"('28.0211856', '-82.64451179999999')"
Florida,treasure coast,//treasure.craigslist.org/,"('27.6388275', '-80.38345339999999')"
Florida,palm beach county,//miami.craigslist.org/pbc,"('26.6514503', '-80.2767327')"
Georgia,albany ,//albanyga.craigslist.org/,"('31.5785074', '-84.15574099999999')"
Georgia,athens,//athensga.craigslist.org/,"('33.9519347', '-83.357567')"
Georgia,atlanta,//atlanta.craigslist.org/,"('33.7489954', '-84.3879824')"
Georgia,augusta,//augusta.craigslist.org/,"('33.4734978', '-82.0105148')"
Georgia,brunswick,//brunswick.craigslist.org/,"('31.1499528', '-81.49148939999999')"
Georgia,columbus ,//columbusga.craigslist.org/,"('32.4609764', '-84.9877094')"
Georgia,macon / warner robins,//macon.craigslist.org/,"('32.8406946', '-83.6324022')"
Georgia,northwest GA,//nwga.craigslist.org/,"('32.1656221', '-82.9000751')"
Georgia,savannah / hinesville,//savannah.craigslist.org/,"('32.0835407', '-81.09983419999999')"
Georgia,statesboro,//statesboro.craigslist.org/,"('32.4487876', '-81.7831674')"
Georgia,valdosta,//valdosta.craigslist.org/,"('30.8327022', '-83.2784851')"
Hawaii,hawaii,//honolulu.craigslist.org/,"('19.5429151', '-155.6658568')"
Idaho,boise,//boise.craigslist.org/,"('43.6187102', '-116.2146068')"
Idaho,east idaho,//eastidaho.craigslist.org/,"('44.0682019', '-114.7420408')"
Idaho,lewiston / clarkston,//lewiston.craigslist.org/,"('46.4004089', '-117.0011889')"
Idaho,twin falls,//twinfalls.craigslist.org/,"('42.5629668', '-114.4608711')"
Illinois,bloomington-normal,//bn.craigslist.org/,"('40.4844434', '-89.03317939999999')"
Illinois,champaign urbana,//chambana.craigslist.org/,"('40.1105875', '-88.2072697')"
Illinois,chicago,//chicago.craigslist.org/,"('41.8781136', '-87.6297982')"
Illinois,decatur,//decatur.craigslist.org/,"('39.8403147', '-88.9548001')"
Illinois,la salle co,//lasalle.craigslist.org/,"('41.3621503', '-89.04182489999999')"
Illinois,mattoon-charleston,//mattoon.craigslist.org/,"('39.6035963', '-88.1046932')"
Illinois,peoria,//peoria.craigslist.org/,"('40.6936488', '-89.5889864')"
Illinois,rockford,//rockford.craigslist.org/,"('42.2711311', '-89.09399519999999')"
Illinois,southern illinois,//carbondale.craigslist.org/,"('37.6557172', '-88.99880979999999')"
Illinois,springfield ,//springfieldil.craigslist.org/,"('39.78172130000001', '-89.6501481')"
Illinois,western IL,//quincy.craigslist.org/,"('41.915996', '-87.68703359999999')"
Indiana,bloomington,//bloomington.craigslist.org/,"('39.165325', '-86.52638569999999')"
Indiana,evansville,//evansville.craigslist.org/,"('37.9715592', '-87.5710898')"
Indiana,fort wayne,//fortwayne.craigslist.org/,"('41.079273', '-85.1393513')"
Indiana,indianapolis,//indianapolis.craigslist.org/,"('39.768403', '-86.158068')"
Indiana,kokomo,//kokomo.craigslist.org/,"('40.486427', '-86.13360329999999')"
Indiana,lafayette / west lafayette,//tippecanoe.craigslist.org/,"('40.4167022', '-86.87528689999999')"
Indiana,muncie / anderson,//muncie.craigslist.org/,"('40.1933767', '-85.3863599')"
Indiana,richmond ,//richmondin.craigslist.org/,"('39.8289369', '-84.8902382')"
Indiana,south bend / michiana,//southbend.craigslist.org/,"('41.6763545', '-86.25198979999999')"
Indiana,terre haute,//terrehaute.craigslist.org/,"('39.4667034', '-87.41390919999999')"
Iowa,ames,//ames.craigslist.org/,"('42.0307812', '-93.63191309999999')"
Iowa,cedar rapids,//cedarrapids.craigslist.org/,"('41.9778795', '-91.6656232')"
Iowa,des moines,//desmoines.craigslist.org/,"('41.6005448', '-93.6091064')"
Iowa,dubuque,//dubuque.craigslist.org/,"('42.5005583', '-90.66457179999999')"
Iowa,fort dodge,//fortdodge.craigslist.org/,"('42.4974694', '-94.16801579999999')"
Iowa,iowa city,//iowacity.craigslist.org/,"('41.6611277', '-91.5301683')"
Iowa,mason city,//masoncity.craigslist.org/,"('43.1535728', '-93.20103669999999')"
Iowa,quad cities,//quadcities.craigslist.org/,"('41.66572499999999', '-91.524233')"
Iowa,sioux city,//siouxcity.craigslist.org/,"('42.4999942', '-96.40030689999999')"
Iowa,southeast IA,//ottumwa.craigslist.org/,"('41.8780025', '-93.097702')"
Iowa,waterloo / cedar falls,//waterloo.craigslist.org/,"('42.492786', '-92.34257749999999')"
Kansas,lawrence,//lawrence.craigslist.org/,"('38.9716689', '-95.2352501')"
Kansas,manhattan,//ksu.craigslist.org/,"('39.18360819999999', '-96.57166939999999')"
Kansas,northwest KS,//nwks.craigslist.org/,"('39.011902', '-98.4842465')"
Kansas,salina,//salina.craigslist.org/,"('38.8402805', '-97.61142369999999')"
Kansas,southeast KS,//seks.craigslist.org/,"('39.011902', '-98.4842465')"
Kansas,southwest KS,//swks.craigslist.org/,"('39.011902', '-98.4842465')"
Kansas,topeka,//topeka.craigslist.org/,"('39.0558235', '-95.68901849999999')"
Kansas,wichita,//wichita.craigslist.org/,"('37.68717609999999', '-97.33005299999999')"
Kentucky,bowling green,//bgky.craigslist.org/,"('36.9685219', '-86.4808043')"
Kentucky,eastern kentucky,//eastky.craigslist.org/,"('37.51647579999999', '-82.8067126')"
Kentucky,lexington,//lexington.craigslist.org/,"('38.0405837', '-84.5037164')"
Kentucky,louisville,//louisville.craigslist.org/,"('38.2526647', '-85.7584557')"
Kentucky,owensboro,//owensboro.craigslist.org/,"('37.7719074', '-87.1111676')"
Kentucky,western KY,//westky.craigslist.org/,"('38.4831366', '-82.66988409999999')"
Louisiana,baton rouge,//batonrouge.craigslist.org/,"('30.4582829', '-91.1403196')"
Louisiana,central louisiana,//cenla.craigslist.org/,"('41.6414468', '-85.4138274')"
Louisiana,houma,//houma.craigslist.org/,"('29.5957696', '-90.71953479999999')"
Louisiana,lafayette,//lafayette.craigslist.org/,"('30.2240897', '-92.0198427')"
Louisiana,lake charles,//lakecharles.craigslist.org/,"('30.2265949', '-93.2173758')"
Louisiana,monroe,//monroe.craigslist.org/,"('32.5093109', '-92.1193012')"
Louisiana,new orleans,//neworleans.craigslist.org/,"('29.95106579999999', '-90.0715323')"
Louisiana,shreveport,//shreveport.craigslist.org/,"('32.5251516', '-93.75017889999999')"
Maine,maine,//maine.craigslist.org/,"('42.1925746', '-76.0610361')"
Maryland,annapolis,//annapolis.craigslist.org/,"('38.9784453', '-76.4921829')"
Maryland,baltimore,//baltimore.craigslist.org/,"('39.2903848', '-76.6121893')"
Maryland,eastern shore,//easternshore.craigslist.org/,"('39.0987313', '-76.453976')"
Maryland,frederick,//frederick.craigslist.org/,"('39.41426879999999', '-77.4105409')"
Maryland,southern maryland,//smd.craigslist.org/,"('38.4153613', '-76.70406659999999')"
Maryland,western maryland,//westmd.craigslist.org/,"('38.3315034', '-75.1068511')"
Massachusetts,boston,//boston.craigslist.org/,"('42.3600825', '-71.0588801')"
Massachusetts,cape cod / islands,//capecod.craigslist.org/,"('41.69909579999999', '-70.32091129999999')"
Massachusetts,south coast,//southcoast.craigslist.org/,"('41.6419786', '-70.21147879999999')"
Massachusetts,western massachusetts,//westernmass.craigslist.org/,"('42.1014831', '-72.589811')"
Massachusetts,worcester / central MA,//worcester.craigslist.org/,"('42.2625932', '-71.8022934')"
Michigan,ann arbor,//annarbor.craigslist.org/,"('42.2808256', '-83.7430378')"
Michigan,battle creek,//battlecreek.craigslist.org/,"('42.3211522', '-85.17971419999999')"
Michigan,central michigan,//centralmich.craigslist.org/,"('47.4071372', '-88.20066039999999')"
Michigan,detroit metro,//detroit.craigslist.org/,"('44.3148443', '-85.60236429999999')"
Michigan,flint,//flint.craigslist.org/,"('43.0125274', '-83.6874562')"
Michigan,grand rapids,//grandrapids.craigslist.org/,"('42.9633599', '-85.6680863')"
Michigan,holland,//holland.craigslist.org/,"('42.7875235', '-86.10893009999999')"
Michigan,jackson ,//jxn.craigslist.org/,"('42.245869', '-84.40134619999999')"
Michigan,kalamazoo,//kalamazoo.craigslist.org/,"('42.2917069', '-85.5872286')"
Michigan,lansing,//lansing.craigslist.org/,"('42.732535', '-84.5555347')"
Michigan,monroe ,//monroemi.craigslist.org/,"('41.9164343', '-83.3977101')"
Michigan,muskegon,//muskegon.craigslist.org/,"('43.2341813', '-86.24839209999999')"
Michigan,northern michigan,//nmi.craigslist.org/,"('44.1966156', '-84.07991020000001')"
Michigan,port huron,//porthuron.craigslist.org/,"('42.9708634', '-82.42491419999999')"
Michigan,saginaw-midland-baycity,//saginaw.craigslist.org/,"('43.6049695', '-84.18378749999999')"
Michigan,southwest michigan,//swmi.craigslist.org/,"('44.3148443', '-85.60236429999999')"
Michigan,the thumb,//thumb.craigslist.org/,"('41.6198662', '-87.1926739')"
Michigan,upper peninsula,//up.craigslist.org/,"('43.4501005', '-87.22201869999999')"
Minnesota,bemidji,//bemidji.craigslist.org/,"('47.4875361', '-94.8858492')"
Minnesota,brainerd,//brainerd.craigslist.org/,"('46.3526733', '-94.2020084')"
Minnesota,duluth / superior,//duluth.craigslist.org/,"('46.78667189999999', '-92.10048519999999')"
Minnesota,mankato,//mankato.craigslist.org/,"('44.1635775', '-93.99939959999999')"
Minnesota,minneapolis / st paul,//minneapolis.craigslist.org/,"('44.977753', '-93.2650108')"
Minnesota,rochester ,//rmn.craigslist.org/,"('44.0121221', '-92.4801989')"
Minnesota,southwest MN,//marshall.craigslist.org/,"('46.729553', '-94.6858998')"
Minnesota,st cloud,//stcloud.craigslist.org/,"('45.5579451', '-94.16324039999999')"
Mississippi,gulfport / biloxi,//gulfport.craigslist.org/,"('30.3674198', '-89.0928155')"
Mississippi,hattiesburg,//hattiesburg.craigslist.org/,"('31.3271189', '-89.29033919999999')"
Mississippi,jackson,//jackson.craigslist.org/,"('32.2987573', '-90.1848103')"
Mississippi,meridian,//meridian.craigslist.org/,"('32.3643098', '-88.703656')"
Mississippi,north mississippi,//northmiss.craigslist.org/,"('32.3546679', '-89.3985283')"
Mississippi,southwest MS,//natchez.craigslist.org/,"('32.3546679', '-89.3985283')"
Missouri,columbia / jeff city,//columbiamo.craigslist.org/,"('38.9517053', '-92.3340724')"
Missouri,joplin,//joplin.craigslist.org/,"('37.08422710000001', '-94.51328099999999')"
Missouri,kansas city,//kansascity.craigslist.org/,"('39.0997265', '-94.5785667')"
Missouri,kirksville,//kirksville.craigslist.org/,"('40.19475389999999', '-92.5832496')"
Missouri,lake of the ozarks,//loz.craigslist.org/,"('38.13800030000001', '-92.8103551')"
Missouri,southeast missouri,//semo.craigslist.org/,"('37.9642529', '-91.83183339999999')"
Missouri,springfield,//springfield.craigslist.org/,"('37.2089572', '-93.29229889999999')"
Missouri,st joseph,//stjoseph.craigslist.org/,"('39.7674578', '-94.84668099999999')"
Missouri,st louis,//stlouis.craigslist.org/,"('38.6270025', '-90.19940419999999')"
Montana,billings,//billings.craigslist.org/,"('45.7832856', '-108.5006904')"
Montana,bozeman,//bozeman.craigslist.org/,"('45.6769979', '-111.0429339')"
Montana,butte,//butte.craigslist.org/,"('46.0038232', '-112.5347776')"
Montana,great falls,//greatfalls.craigslist.org/,"('47.4941836', '-111.2833449')"
Montana,helena,//helena.craigslist.org/,"('46.5883707', '-112.0245054')"
Montana,kalispell,//kalispell.craigslist.org/,"('48.1919889', '-114.3168131')"
Montana,missoula,//missoula.craigslist.org/,"('46.87871759999999', '-113.996586')"
Montana,eastern montana,//montana.craigslist.org/,"('46.6095274', '-111.9194649')"
Nebraska,grand island,//grandisland.craigslist.org/,"('40.9263957', '-98.34201179999999')"
Nebraska,lincoln,//lincoln.craigslist.org/,"('40.8257625', '-96.6851982')"
Nebraska,north platte,//northplatte.craigslist.org/,"('41.1402759', '-100.7601454')"
Nebraska,omaha / council bluffs,//omaha.craigslist.org/,"('41.2523634', '-95.99798829999999')"
Nebraska,scottsbluff / panhandle,//scottsbluff.craigslist.org/,"('41.8666341', '-103.6671662')"
Nevada,elko,//elko.craigslist.org/,"('40.8324211', '-115.7631232')"
Nevada,las vegas,//lasvegas.craigslist.org/,"('36.1699412', '-115.1398296')"
Nevada,reno / tahoe,//reno.craigslist.org/,"('39.5296329', '-119.8138027')"
New Hampshire,new hampshire,//nh.craigslist.org/,"('43.1938516', '-71.5723953')"
New Jersey,central NJ,//cnj.craigslist.org/,"('39.829728', '-74.9789595')"
New Jersey,jersey shore,//jerseyshore.craigslist.org/,"('40.7306725', '-74.03281799999999')"
New Jersey,north jersey,//newjersey.craigslist.org/,"('40.75313939999999', '-74.04749289999999')"
New Jersey,south jersey,//southjersey.craigslist.org/,"('40.74934640000001', '-74.0470483')"
New Mexico,albuquerque,//albuquerque.craigslist.org/,"('35.0853336', '-106.6055534')"
New Mexico,clovis / portales,//clovis.craigslist.org/,"('34.4047987', '-103.2052272')"
New Mexico,farmington,//farmington.craigslist.org/,"('36.72805830000001', '-108.2186856')"
New Mexico,las cruces,//lascruces.craigslist.org/,"('32.3199396', '-106.7636538')"
New Mexico,roswell / carlsbad,//roswell.craigslist.org/,"('33.3942655', '-104.5230242')"
New Mexico,santa fe / taos,//santafe.craigslist.org/,"('35.6869752', '-105.937799')"
New York,albany,//albany.craigslist.org/,"('42.6525793', '-73.7562317')"
New York,binghamton,//binghamton.craigslist.org/,"('42.09868669999999', '-75.91797380000001')"
New York,buffalo,//buffalo.craigslist.org/,"('42.88644679999999', '-78.8783689')"
New York,catskills,//catskills.craigslist.org/,"('42.2173102', '-73.8645734')"
New York,chautauqua,//chautauqua.craigslist.org/,"('42.209774', '-79.46684449999999')"
New York,elmira-corning,//elmira.craigslist.org/,"('42.1328107', '-76.8264562')"
New York,finger lakes,//fingerlakes.craigslist.org/,"('42.7238362', '-76.9297354')"
New York,glens falls,//glensfalls.craigslist.org/,"('43.3095164', '-73.6440058')"
New York,hudson valley,//hudsonvalley.craigslist.org/,"('41.9209018', '-73.9612887')"
New York,ithaca,//ithaca.craigslist.org/,"('42.4439614', '-76.5018807')"
New York,long island,//longisland.craigslist.org/,"('40.789142', '-73.13496099999999')"
New York,new york city,//newyork.craigslist.org/,"('40.7127837', '-74.0059413')"
New York,oneonta,//oneonta.craigslist.org/,"('42.4528571', '-75.0637746')"
New York,plattsburgh-adirondacks,//plattsburgh.craigslist.org/,"('40.7127837', '-74.0059413')"
New York,potsdam-canton-massena,//potsdam.craigslist.org/,"('44.659281', '-74.971554')"
New York,rochester,//rochester.craigslist.org/,"('43.16103', '-77.61092189999999')"
New York,syracuse,//syracuse.craigslist.org/,"('43.0481221', '-76.14742439999999')"
New York,twin tiers NY/PA,//twintiers.craigslist.org/,"('40.7127837', '-74.0059413')"
New York,utica-rome-oneida,//utica.craigslist.org/,"('43.160171', '-75.33797799999999')"
New York,watertown,//watertown.craigslist.org/,"('43.9747838', '-75.91075649999999')"
North Carolina,asheville,//asheville.craigslist.org/,"('35.5950581', '-82.5514869')"
North Carolina,boone,//boone.craigslist.org/,"('36.216795', '-81.67455169999999')"
North Carolina,charlotte,//charlotte.craigslist.org/,"('35.2270869', '-80.8431267')"
North Carolina,eastern NC,//eastnc.craigslist.org/,"('35.9707049', '-77.92803239999999')"
North Carolina,fayetteville,//fayetteville.craigslist.org/,"('35.0526641', '-78.87835849999999')"
North Carolina,greensboro,//greensboro.craigslist.org/,"('36.0726354', '-79.7919754')"
North Carolina,hickory / lenoir,//hickory.craigslist.org/,"('35.7344538', '-81.3444573')"
North Carolina,jacksonville ,//onslow.craigslist.org/,"('34.7540524', '-77.4302414')"
North Carolina,outer banks,//outerbanks.craigslist.org/,"('35.5584932', '-75.4665158')"
North Carolina,raleigh / durham / CH,//raleigh.craigslist.org/,"('35.7795897', '-78.6381787')"
North Carolina,wilmington,//wilmington.craigslist.org/,"('34.2257255', '-77.9447102')"
North Carolina,winston-salem,//winstonsalem.craigslist.org/,"('36.09985959999999', '-80.24421599999999')"
North Dakota,bismarck,//bismarck.craigslist.org/,"('46.8083268', '-100.7837392')"
North Dakota,fargo / moorhead,//fargo.craigslist.org/,"('46.8771863', '-96.7898034')"
North Dakota,grand forks,//grandforks.craigslist.org/,"('47.9252568', '-97.0328547')"
North Dakota,north dakota,//nd.craigslist.org/,"('47.5514926', '-101.0020119')"
Ohio,akron / canton,//akroncanton.craigslist.org/,"('41.0814447', '-81.51900529999999')"
Ohio,ashtabula,//ashtabula.craigslist.org/,"('41.8650534', '-80.7898089')"
Ohio,athens ,//athensohio.craigslist.org/,"('39.3292396', '-82.1012554')"
Ohio,chillicothe,//chillicothe.craigslist.org/,"('39.3331197', '-82.9824019')"
Ohio,cincinnati,//cincinnati.craigslist.org/,"('39.1031182', '-84.5120196')"
Ohio,cleveland,//cleveland.craigslist.org/,"('41.49932', '-81.6943605')"
Ohio,columbus,//columbus.craigslist.org/,"('39.9611755', '-82.99879419999999')"
Ohio,dayton / springfield,//dayton.craigslist.org/,"('39.7589478', '-84.1916069')"
Ohio,lima / findlay,//limaohio.craigslist.org/,"('40.742551', '-84.1052256')"
Ohio,mansfield,//mansfield.craigslist.org/,"('40.75839', '-82.5154471')"
Ohio,sandusky,//sandusky.craigslist.org/,"('41.4489396', '-82.7079605')"
Ohio,toledo,//toledo.craigslist.org/,"('41.6639383', '-83.55521200000001')"
Ohio,tuscarawas co,//tuscarawas.craigslist.org/,"('40.3978972', '-81.42789839999999')"
Ohio,youngstown,//youngstown.craigslist.org/,"('41.0997803', '-80.6495194')"
Ohio,zanesville / cambridge,//zanesville.craigslist.org/,"('39.9403453', '-82.01319239999999')"
Oklahoma,lawton,//lawton.craigslist.org/,"('34.6035669', '-98.39592909999999')"
Oklahoma,northwest OK,//enid.craigslist.org/,"('35.0077519', '-97.092877')"
Oklahoma,oklahoma city,//oklahomacity.craigslist.org/,"('35.4675602', '-97.5164276')"
Oklahoma,stillwater,//stillwater.craigslist.org/,"('36.1156071', '-97.0583681')"
Oklahoma,tulsa,//tulsa.craigslist.org/,"('36.1539816', '-95.99277500000001')"
Oregon,bend,//bend.craigslist.org/,"('44.0581728', '-121.3153096')"
Oregon,corvallis/albany,//corvallis.craigslist.org/,"('44.5645659', '-123.2620435')"
Oregon,east oregon,//eastoregon.craigslist.org/,"('43.8041334', '-120.5542012')"
Oregon,eugene,//eugene.craigslist.org/,"('44.0520691', '-123.0867536')"
Oregon,klamath falls,//klamath.craigslist.org/,"('42.224867', '-121.7816704')"
Oregon,medford-ashland,//medford.craigslist.org/,"('42.3249759', '-122.8577528')"
Oregon,oregon coast,//oregoncoast.craigslist.org/,"('44.1217838', '-124.1263651')"
Oregon,portland,//portland.craigslist.org/,"('45.5230622', '-122.6764816')"
Oregon,roseburg,//roseburg.craigslist.org/,"('43.216505', '-123.3417381')"
Oregon,salem,//salem.craigslist.org/,"('44.9428975', '-123.0350963')"
Pennsylvania,altoona-johnstown,//altoona.craigslist.org/,"('40.3555683', '-78.5164333')"
Pennsylvania,cumberland valley,//chambersburg.craigslist.org/,"('39.8110168', '-78.6341996')"
Pennsylvania,erie,//erie.craigslist.org/,"('42.12922409999999', '-80.085059')"
Pennsylvania,harrisburg,//harrisburg.craigslist.org/,"('40.2731911', '-76.8867008')"
Pennsylvania,lancaster,//lancaster.craigslist.org/,"('40.0378755', '-76.30551440000001')"
Pennsylvania,lehigh valley,//allentown.craigslist.org/,"('40.6514123', '-75.4075532')"
Pennsylvania,meadville,//meadville.craigslist.org/,"('41.6414438', '-80.15144839999999')"
Pennsylvania,philadelphia,//philadelphia.craigslist.org/,"('39.9525839', '-75.1652215')"
Pennsylvania,pittsburgh,//pittsburgh.craigslist.org/,"('40.44062479999999', '-79.9958864')"
Pennsylvania,poconos,//poconos.craigslist.org/,"('41.1112001', '-75.38629539999999')"
Pennsylvania,reading,//reading.craigslist.org/,"('40.3356483', '-75.9268747')"
Pennsylvania,scranton / wilkes-barre,//scranton.craigslist.org/,"('41.408969', '-75.66241219999999')"
Pennsylvania,state college,//pennstate.craigslist.org/,"('40.7933949', '-77.8600012')"
Pennsylvania,williamsport,//williamsport.craigslist.org/,"('41.2411897', '-77.00107860000001')"
Pennsylvania,york,//york.craigslist.org/,"('39.9625984', '-76.727745')"
Rhode Island,rhode island,//providence.craigslist.org/,"('41.5800945', '-71.47742909999999')"
South Carolina,charleston,//charleston.craigslist.org/,"('32.7764749', '-79.93105120000001')"
South Carolina,columbia,//columbia.craigslist.org/,"('34.0007104', '-81.0348144')"
South Carolina,florence,//florencesc.craigslist.org/,"('34.1954331', '-79.7625625')"
South Carolina,greenville / upstate,//greenville.craigslist.org/,"('34.85261759999999', '-82.3940104')"
South Carolina,hilton head,//hiltonhead.craigslist.org/,"('32.216316', '-80.752608')"
South Carolina,myrtle beach,//myrtlebeach.craigslist.org/,"('33.6890603', '-78.8866943')"
South Dakota,northeast SD,//nesd.craigslist.org/,"('43.9695148', '-99.9018131')"
South Dakota,pierre / central SD,//csd.craigslist.org/,"('44.3683156', '-100.3509665')"
South Dakota,rapid city / west SD,//rapidcity.craigslist.org/,"('44.0805434', '-103.2310149')"
South Dakota,sioux falls / SE SD,//siouxfalls.craigslist.org/,"('43.5445959', '-96.73110340000001')"
South Dakota,south dakota,//sd.craigslist.org/,"('43.9695148', '-99.9018131')"
Tennessee,chattanooga,//chattanooga.craigslist.org/,"('35.0456297', '-85.30968009999999')"
Tennessee,clarksville,//clarksville.craigslist.org/,"('36.5297706', '-87.3594528')"
Tennessee,cookeville,//cookeville.craigslist.org/,"('36.162839', '-85.5016423')"
Tennessee,jackson  ,//jacksontn.craigslist.org/,"('35.6145169', '-88.81394689999999')"
Tennessee,knoxville,//knoxville.craigslist.org/,"('35.9606384', '-83.9207392')"
Tennessee,memphis,//memphis.craigslist.org/,"('35.1495343', '-90.04898009999999')"
Tennessee,nashville,//nashville.craigslist.org/,"('36.1626638', '-86.7816016')"
Tennessee,tri-cities,//tricities.craigslist.org/,"('36.4497453', '-82.5316057')"
Territories,guam-micronesia,//micronesia.craigslist.org/,"('13.444304', '144.793731')"
Territories,puerto rico,//puertorico.craigslist.org/,"('18.464345', '-66.1179714')"
Territories,U.S. virgin islands,//virgin.craigslist.org/,"('17.7562986', '-64.5755135')"
Texas,abilene,//abilene.craigslist.org/,"('32.4487364', '-99.73314390000002')"
Texas,amarillo,//amarillo.craigslist.org/,"('35.2219971', '-101.8312969')"
Texas,austin,//austin.craigslist.org/,"('30.267153', '-97.74306079999999')"
Texas,beaumont / port arthur,//beaumont.craigslist.org/,"('30.080174', '-94.1265562')"
Texas,brownsville,//brownsville.craigslist.org/,"('25.9017472', '-97.4974838')"
Texas,college station,//collegestation.craigslist.org/,"('30.627977', '-96.3344068')"
Texas,corpus christi,//corpuschristi.craigslist.org/,"('27.8005828', '-97.39638099999999')"
Texas,dallas / fort worth,//dallas.craigslist.org/,"('32.7766642', '-96.79698789999999')"
Texas,deep east texas,//nacogdoches.craigslist.org/,"('31.0773902', '-98.9958802')"
Texas,del rio / eagle pass,//delrio.craigslist.org/,"('29.3708857', '-100.8958674')"
Texas,el paso,//elpaso.craigslist.org/,"('31.7618778', '-106.4850217')"
Texas,galveston,//galveston.craigslist.org/,"('29.3013479', '-94.7976958')"
Texas,houston,//houston.craigslist.org/,"('29.7604267', '-95.3698028')"
Texas,killeen / temple / ft hood,//killeen.craigslist.org/,"('31.1171194', '-97.72779589999999')"
Texas,laredo,//laredo.craigslist.org/,"('27.5305671', '-99.48032409999999')"
Texas,lubbock,//lubbock.craigslist.org/,"('33.5778631', '-101.8551665')"
Texas,mcallen / edinburg,//mcallen.craigslist.org/,"('26.2034071', '-98.23001239999999')"
Texas,odessa / midland,//odessa.craigslist.org/,"('31.8456816', '-102.3676431')"
Texas,san angelo,//sanangelo.craigslist.org/,"('31.4637723', '-100.4370375')"
Texas,san antonio,//sanantonio.craigslist.org/,"('29.4241219', '-98.49362819999999')"
Texas,san marcos,//sanmarcos.craigslist.org/,"('29.8832749', '-97.9413941')"
Texas,southwest TX,//bigbend.craigslist.org/,"('31.9685988', '-99.9018131')"
Texas,texoma,//texoma.craigslist.org/,"('32.9628999', '-96.333912')"
Texas,tyler / east TX,//easttexas.craigslist.org/,"('32.3512601', '-95.30106239999999')"
Texas,victoria ,//victoriatx.craigslist.org/,"('28.8052674', '-97.0035982')"
Texas,waco,//waco.craigslist.org/,"('31.549333', '-97.1466695')"
Texas,wichita falls,//wichitafalls.craigslist.org/,"('33.9137085', '-98.49338729999999')"
Utah,logan,//logan.craigslist.org/,"('41.7369803', '-111.8338359')"
Utah,ogden-clearfield,//ogden.craigslist.org/,"('41.2244981', '-111.9807246')"
Utah,provo / orem,//provo.craigslist.org/,"('40.2338438', '-111.6585337')"
Utah,salt lake city,//saltlakecity.craigslist.org/,"('40.7607793', '-111.8910474')"
Utah,st george,//stgeorge.craigslist.org/,"('37.0965278', '-113.5684164')"
Vermont,vermont,//vermont.craigslist.org/,"('43.0722172', '-89.7856786')"
Virginia,charlottesville,//charlottesville.craigslist.org/,"('38.0293059', '-78.47667810000002')"
Virginia,danville,//danville.craigslist.org/,"('36.5859718', '-79.39502279999999')"
Virginia,fredericksburg,//fredericksburg.craigslist.org/,"('38.3031837', '-77.4605399')"
Virginia,hampton roads,//norfolk.craigslist.org/,"('36.0772906', '-76.61714809999999')"
Virginia,harrisonburg,//harrisonburg.craigslist.org/,"('38.4495688', '-78.8689155')"
Virginia,lynchburg,//lynchburg.craigslist.org/,"('37.4137536', '-79.14224639999999')"
Virginia,new river valley,//blacksburg.craigslist.org/,"('37.3538544', '-80.9348912')"
Virginia,richmond,//richmond.craigslist.org/,"('37.5407246', '-77.43604809999999')"
Virginia,roanoke,//roanoke.craigslist.org/,"('37.2709704', '-79.9414266')"
Virginia,southwest VA,//swva.craigslist.org/,"('37.4315734', '-78.6568942')"
Virginia,winchester,//winchester.craigslist.org/,"('39.1856597', '-78.1633341')"
Washington,bellingham,//bellingham.craigslist.org/,"('48.74908', '-122.4781473')"
Washington,kennewick-pasco-richland,//kpr.craigslist.org/,"('46.3245547', '-119.0254257')"
Washington,moses lake,//moseslake.craigslist.org/,"('47.1301417', '-119.2780771')"
Washington,olympic peninsula,//olympic.craigslist.org/,"('47.8021067', '-123.6043524')"
Washington,pullman / moscow,//pullman.craigslist.org/,"('46.7297771', '-117.1817377')"
Washington,seattle-tacoma,//seattle.craigslist.org/,"('47.6025001', '-122.3385759')"
Washington,skagit / island / SJI,//skagit.craigslist.org/,"('48.4241961', '-121.7114362')"
Washington,spokane / coeur d'alene,//spokane.craigslist.org/,"('47.6587802', '-117.4260466')"
Washington,wenatchee,//wenatchee.craigslist.org/,"('47.4234599', '-120.3103494')"
Washington,yakima,//yakima.craigslist.org/,"('46.6020711', '-120.5058987')"
West Virginia,charleston ,//charlestonwv.craigslist.org/,"('38.3498195', '-81.6326234')"
West Virginia,eastern panhandle,//martinsburg.craigslist.org/,"('38.5976262', '-80.4549026')"
West Virginia,huntington-ashland,//huntington.craigslist.org/,"('38.4714882', '-82.6814031')"
West Virginia,morgantown,//morgantown.craigslist.org/,"('39.629526', '-79.95589679999999')"
West Virginia,northern panhandle,//wheeling.craigslist.org/,"('38.5976262', '-80.4549026')"
West Virginia,parkersburg-marietta,//parkersburg.craigslist.org/,"('39.2637209', '-81.555488')"
West Virginia,southern WV,//swv.craigslist.org/,"('38.6071338', '-80.8322428')"
West Virginia,west virginia (old),//wv.craigslist.org/,"('39.1352992', '-78.9502442')"
Wisconsin,appleton-oshkosh-FDL,//appleton.craigslist.org/,"('43.7844397', '-88.7878678')"
Wisconsin,eau claire,//eauclaire.craigslist.org/,"('44.811349', '-91.4984941')"
Wisconsin,green bay,//greenbay.craigslist.org/,"('44.51915899999999', '-88.01982599999999')"
Wisconsin,janesville,//janesville.craigslist.org/,"('42.6827885', '-89.0187222')"
Wisconsin,kenosha-racine,//racine.craigslist.org/,"('42.5847425', '-87.82118539999999')"
Wisconsin,la crosse,//lacrosse.craigslist.org/,"('43.8013556', '-91.23958069999999')"
Wisconsin,madison,//madison.craigslist.org/,"('43.0730517', '-89.4012302')"
Wisconsin,milwaukee,//milwaukee.craigslist.org/,"('43.0389025', '-87.9064736')"
Wisconsin,northern WI,//northernwi.craigslist.org/,"('44.2387739', '-88.4645709')"
Wisconsin,sheboygan,//sheboygan.craigslist.org/,"('43.7508284', '-87.71453')"
Wisconsin,wausau,//wausau.craigslist.org/,"('44.9591352', '-89.63012209999999')"
Wyoming,wyoming,//wyoming.craigslist.org/,"('42.0591801', '-91.0073701')"
